<?xml version="1.0" encoding="UTF-8"?>
<!DOCTYPE generatorConfiguration
        PUBLIC "-//mybatis.org//DTD MyBatis Generator Configuration 1.0//EN"
        "http://mybatis.org/dtd/mybatis-generator-config_1_0.dtd">

<generatorConfiguration>
    <!-- classPathEntry:数据库的JDBC驱动的jar包地址 -->
    <classPathEntry
            location="D:\Code\gitlab2\MyBatisTools\lib\mysql-connector-java-5.1.18-bin.jar"/>
    <context id="DB2Tables" targetRuntime="MyBatis3"
             defaultModelType="flat">

        <commentGenerator>
            <!-- 是否去除自动生成的注释 true：是 ： false:否 -->
            <property name="suppressAllComments" value="false"/>
            <!-- <property name="suppressDate" value="true" /> -->
            <!--数据库连接的信息：驱动类、连接地址、用户名、密码 -->
        </commentGenerator>
        <!--<jdbcConnection driverClass="com.mysql.jdbc.Driver"-->
        <!--connectionURL="jdbc:mysql://192.168.3.221:3307/bestsign_enterprise"-->
        <!--userId="bestsign" password="ssqian2016">-->
        <!--</jdbcConnection>-->
        <jdbcConnection driverClass="com.mysql.jdbc.Driver"
                        connectionURL="jdbc:mysql://10.20.0.163:3306/boss"
                        userId="root" password="123456">
        </jdbcConnection>
        <!-- 默认false，把JDBC DECIMAL 和 NUMERIC 类型解析为 Integer true，把JDBC DECIMAL 和
            NUMERIC 类型解析为java.math.BigDecimal -->
        <javaTypeResolver>
            <property name="forceBigDecimals" value="false"/>
        </javaTypeResolver>

        <!-- targetProject:自动生成代码的位置 -->
        <javaModelGenerator targetPackage="com.listenrobot.boss.domain.entity"
                            targetProject="D:\Code\gitlab2\MyBatisTools\test">
            <!-- enableSubPackages:是否让schema作为包的后缀 -->
            <property name="enableSubPackages" value="true"/>
            <!-- 从数据库返回的值被清理前后的空格 -->
            <property name="trimStrings" value="true"/>
        </javaModelGenerator>

        <sqlMapGenerator targetPackage="mapper"
                         targetProject="D:\Code\gitlab2\MyBatisTools\test">
            <property name="enableSubPackages" value="false"/>
        </sqlMapGenerator>

        <javaClientGenerator type="XMLMAPPER"
                             targetPackage="com.listenrobot.boss.domain.mapper"
                             targetProject="D:\Code\gitlab2\MyBatisTools\test">
            <property name="enableSubPackages" value="true"/>
            <!-- <property name="rootInterface" value="BaseSngPKMapper" /> -->
        </javaClientGenerator>

        <!-- tableName:用于自动生成代码的数据库表；domainObjectName:对应于数据库表的javaBean类名 -->

        <!--<table tableName="ent_contract_approval" domainObjectName="ContractApprovalEntity"-->
        <!--enableCountByExample="false" enableUpdateByExample="false"-->
        <!--enableDeleteByExample="false" enableSelectByExample="false"-->
        <!--selectByExampleQueryId="false">-->
        <!--</table>-->
        <!--<table tableName="ent_contract_folder" domainObjectName="ContractFolderEntity"-->
        <!--enableCountByExample="false" enableUpdateByExample="false"-->
        <!--enableDeleteByExample="false" enableSelectByExample="false"-->
        <!--selectByExampleQueryId="false">-->
        <!--</table>-->
        <!--<table tableName="ent_contract_statistics" domainObjectName="ContractStatisticsEntity"-->
        <!--enableCountByExample="false" enableUpdateByExample="false"-->
        <!--enableDeleteByExample="false" enableSelectByExample="false"-->
        <!--selectByExampleQueryId="false">-->
        <!--</table>-->
        <!--<table tableName="ent_contract_user_relationship" domainObjectName="ContractUserRelationshipEntity"-->
        <!--enableCountByExample="false" enableUpdateByExample="false"-->
        <!--enableDeleteByExample="false" enableSelectByExample="false"-->
        <!--selectByExampleQueryId="false">-->
        <!--</table>-->
        <!--<table tableName="ent_detail_user_map" domainObjectName="DetailUserMapEntity"-->
        <!--enableCountByExample="false" enableUpdateByExample="false"-->
        <!--enableDeleteByExample="false" enableSelectByExample="false"-->
        <!--selectByExampleQueryId="false">-->
        <!--</table>-->
        <!--<table tableName="call_task" domainObjectName="CallTaskEntity"
               enableCountByExample="false" enableUpdateByExample="false"
               enableDeleteByExample="false" enableSelectByExample="false"
               selectByExampleQueryId="false">
            <ignoreColumn column="create_time"/>
            <ignoreColumn column="update_time"/>
        </table>

        <table tableName="customer" domainObjectName="CustomerEntity"
               enableCountByExample="false" enableUpdateByExample="false"
               enableDeleteByExample="false" enableSelectByExample="false"
               selectByExampleQueryId="false">
            &lt;!&ndash;<ignoreColumn column="create_time"/>
            <ignoreColumn column="update_time"/>&ndash;&gt;
        </table>-->

        <!--<table tableName="call_summary_info" domainObjectName="CallSummaryInfoEntity"
               enableCountByExample="false" enableUpdateByExample="false"
               enableDeleteByExample="false" enableSelectByExample="false"
               selectByExampleQueryId="false">
            <ignoreColumn column="create_time"/>
            <ignoreColumn column="update_time"/>
        </table>-->

        <!--<table tableName="notice_capacity" domainObjectName="NoticeCapacityDO"
               enableCountByExample="false" enableUpdateByExample="false"
               enableDeleteByExample="false" enableSelectByExample="true"
               selectByExampleQueryId="false">
            <ignoreColumn column="create_time"/>
            <ignoreColumn column="update_time"/>
        </table>-->

        <!--<table tableName="developer" domainObjectName="DeveloperDO"
               enableCountByExample="false" enableUpdateByExample="false"
               enableDeleteByExample="false" enableSelectByExample="false"
               selectByExampleQueryId="false">
            <ignoreColumn column="create_time"/>
            <ignoreColumn column="update_time"/>
        </table>-->

        <!--<table tableName="developer_app" domainObjectName="DeveloperAppDO"
               enableCountByExample="false" enableUpdateByExample="false"
               enableDeleteByExample="false" enableSelectByExample="false"
               selectByExampleQueryId="false">
            <ignoreColumn column="update_time"/>
        </table>-->

        <!--<table tableName="notice_template" domainObjectName="NoticeTemplateDO"
               enableCountByExample="false" enableUpdateByExample="false"
               enableDeleteByExample="false" enableSelectByExample="true"
               selectByExampleQueryId="false">
            <ignoreColumn column="update_time"/>
        </table>-->

        <!--<table tableName="notice_supplier" domainObjectName="NoticeSupplierDO"-->
        <!--enableCountByExample="false" enableUpdateByExample="false"-->
        <!--enableDeleteByExample="false" enableSelectByExample="false"-->
        <!--selectByExampleQueryId="false">-->
        <!--<ignoreColumn column="create_time"/>-->
        <!--<ignoreColumn column="update_time"/>-->
        <!--</table>-->

        <!--<table tableName="notice_log" domainObjectName="NoticeLogDO"
               enableCountByExample="false" enableUpdateByExample="false"
               enableDeleteByExample="false" enableSelectByExample="true"
               selectByExampleQueryId="false">
            <ignoreColumn column="create_time"/>
            <ignoreColumn column="update_time"/>
        </table>-->

        <!--<table tableName="user_rule" domainObjectName="UserRuleEntity"
               enableCountByExample="false" enableUpdateByExample="false"
               enableDeleteByExample="false" enableSelectByExample="false"
               selectByExampleQueryId="false">
            <ignoreColumn column="create_time"/>
            <ignoreColumn column="update_time"/>
        </table>

        -->

        <!--<table tableName="call_record" domainObjectName="CallRecordEntity"
               enableCountByExample="false" enableUpdateByExample="false"
               enableDeleteByExample="false" enableSelectByExample="false"
               selectByExampleQueryId="false">
            <ignoreColumn column="create_time"/>
            <ignoreColumn column="update_time"/>
        </table>-->

        <!--<table tableName="call_record_tag" domainObjectName="CallRecordTagDO"
               enableCountByExample="false" enableUpdateByExample="false"
               enableDeleteByExample="false" enableSelectByExample="false"
               selectByExampleQueryId="false">
            <ignoreColumn column="create_time"/>
            <ignoreColumn column="update_time"/>
        </table>-->

        <!--<table tableName="classify_rule_config" domainObjectName="ClassifyRuleConfigDO"
               enableCountByExample="false" enableUpdateByExample="false"
               enableDeleteByExample="false" enableSelectByExample="false"
               selectByExampleQueryId="false">
            <ignoreColumn column="create_time"/>
            <ignoreColumn column="update_time"/>
        </table>-->

        <table tableName="department" domainObjectName="DepartmentDO"
               enableCountByExample="false" enableUpdateByExample="false"
               enableDeleteByExample="false" enableSelectByExample="false"
               selectByExampleQueryId="false">
            <ignoreColumn column="create_time"/>
            <ignoreColumn column="update_time"/>
        </table>
        <!--

        <table tableName="finance_log" domainObjectName="FinanceLogDO"
               enableCountByExample="false" enableUpdateByExample="false"
               enableDeleteByExample="false" enableSelectByExample="false"
               selectByExampleQueryId="false">
            <ignoreColumn column="create_time"/>
            <ignoreColumn column="update_time"/>
        </table>

        <table tableName="recharge_record" domainObjectName="RechargeRecordDO"
               enableCountByExample="false" enableUpdateByExample="false"
               enableDeleteByExample="false" enableSelectByExample="false"
               selectByExampleQueryId="false">
            <ignoreColumn column="create_time"/>
            <ignoreColumn column="update_time"/>
        </table>-->

        <!--<table tableName="expense_record" domainObjectName="ExpenseRecordDO"
               enableCountByExample="true" enableUpdateByExample="false"
               enableDeleteByExample="false" enableSelectByExample="true"
               selectByExampleQueryId="false">
            <ignoreColumn column="create_time"/>
            <ignoreColumn column="update_time"/>
        </table>-->

        <!--<table tableName="statement" domainObjectName="StatementDO"
               enableCountByExample="true" enableUpdateByExample="false"
               enableDeleteByExample="false" enableSelectByExample="true"
               selectByExampleQueryId="false">
            <ignoreColumn column="create_time"/>
            <ignoreColumn column="update_time"/>
        </table>-->

        <!--<table tableName="charging_rule" domainObjectName="ChargingRuleDO"
               enableCountByExample="false" enableUpdateByExample="false"
               enableDeleteByExample="false" enableSelectByExample="false"
               selectByExampleQueryId="false">
            <ignoreColumn column="create_time"/>
            <ignoreColumn column="update_time"/>
        </table>

        <table tableName="finance_config" domainObjectName="FinanceConfigDO"
               enableCountByExample="false" enableUpdateByExample="false"
               enableDeleteByExample="false" enableSelectByExample="false"
               selectByExampleQueryId="false">
            <ignoreColumn column="create_time"/>
            <ignoreColumn column="update_time"/>
        </table>-->


        <!--<table tableName="seat" domainObjectName="SeatEntity"
               enableCountByExample="false" enableUpdateByExample="false"
               enableDeleteByExample="false" enableSelectByExample="false"
               selectByExampleQueryId="false">
            <ignoreColumn column="create_time"/>
            <ignoreColumn column="update_time"/>
        </table>-->

        <!--<table tableName="archive" domainObjectName="ArchiveEntity"-->
        <!--enableCountByExample="false" enableUpdateByExample="false"-->
        <!--enableDeleteByExample="false" enableSelectByExample="false"-->
        <!--selectByExampleQueryId="false">-->
        <!--<ignoreColumn column="data_create_time"/>-->
        <!--<ignoreColumn column="data_update_time"/>-->
        <!--</table>-->
        <!--<table tableName="archive_relationship" domainObjectName="ArchiveRelationshipEntity"-->
        <!--enableCountByExample="false" enableUpdateByExample="false"-->
        <!--enableDeleteByExample="false" enableSelectByExample="false"-->
        <!--selectByExampleQueryId="false">-->
        <!--<ignoreColumn column="data_create_time"/>-->
        <!--<ignoreColumn column="data_update_time"/>-->
        <!--</table>-->
    </context>

</generatorConfiguration>  